<?xml version="1.0" encoding="UTF-8"?>
<analysisEngineDescription xmlns="http://uima.apache.org/resourceSpecifier">
  <frameworkImplementation>org.apache.uima.java</frameworkImplementation>
  <primitive>true</primitive>  <annotatorImplementationName>org.uima.annotators.RoomNumberAnnotator</annotatorImplementationName>
  <analysisEngineMetaData>
    <name>RoomNumberAnnotatorDescriptor</name>
    <description/>
    <version>1.0</version>
    <vendor/>
    <configurationParameters/>
    <configurationParameterSettings/>
    <typeSystemDescription>
      <types>
        <typeDescription>
          <name>org.uima.jCasType.RoomNumber</name>
          <description/>
          <supertypeName>uima.tcas.Annotation</supertypeName>
          <features>
            <featureDescription>
              <name>building</name>
              <description/>
              <rangeTypeName>uima.cas.String</rangeTypeName>
            </featureDescription>
          </features>
        </typeDescription>
      </types>
    </typeSystemDescription>
    <typePriorities/>
    <fsIndexCollection/>
    <capabilities>
      <capability>
        <inputs/>
        <outputs/>
        <languagesSupported/>
      </capability>
    </capabilities>
  <operationalProperties>
      <modifiesCas>true</modifiesCas>
      <multipleDeploymentAllowed>true</multipleDeploymentAllowed>
      <outputsNewCASes>false</outputsNewCASes>
    </operationalProperties>
  </analysisEngineMetaData>
  <resourceManagerConfiguration/>
</analysisEngineDescription>
