<?xml version="1.0" encoding="UTF-8"?>
<analysisEngineDescription xmlns="http://uima.apache.org/resourceSpecifier">
  <frameworkImplementation>org.apache.uima.java</frameworkImplementation>
  <primitive>false</primitive>  
  <delegateAnalysisEngineSpecifiers>
    <delegateAnalysisEngine key="MeetingAnnotator">
      <import location="MeetingAnnotator.xml"/>
    </delegateAnalysisEngine>
    <delegateAnalysisEngine key="RoomNumberAnnotator">
      <import location="RoomNumberAnnotator.xml"/>
    </delegateAnalysisEngine>
    <delegateAnalysisEngine key="TutorialDateTime">
      <import location="TutorialDateTime.xml"/>
    </delegateAnalysisEngine>
  </delegateAnalysisEngineSpecifiers>
  <analysisEngineMetaData>
    <name>MeetingDetector</name>
    <description>Detects Room Numbers, Times, and Dates in text, and annotates the
			combination of all three as a meeting.</description>
    <version>1.0</version>
    <vendor/>
    
    <configurationParameters searchStrategy="language_fallback"/>
    <configurationParameterSettings/>
    
    <flowConstraints>
      <fixedFlow>
        <node>RoomNumberAnnotator</node>
        <node>TutorialDateTime</node>
        <node>MeetingAnnotator</node>
      </fixedFlow>
    </flowConstraints>
    <fsIndexCollection/>
    
    <capabilities>
			<capability>
				<inputs/>
				<outputs>
					<type allAnnotatorFeatures="true">org.uima.jCasType.Meeting</type>
					<type allAnnotatorFeatures="true">org.uima.jCasType.RoomNumber</type>
					<type allAnnotatorFeatures="true">org.uima.jCasType.DateAnnot</type>
					<type allAnnotatorFeatures="true">org.uima.jCasType.TimeAnnot</type>
				</outputs>
				<languagesSupported>
					<language>en</language>
				</languagesSupported>
			</capability>
		</capabilities>
  <operationalProperties>
      <modifiesCas>true</modifiesCas>
      <multipleDeploymentAllowed>true</multipleDeploymentAllowed>
      <outputsNewCASes>false</outputsNewCASes>
    </operationalProperties>
  </analysisEngineMetaData>
  <resourceManagerConfiguration/>
</analysisEngineDescription>
