<?xml version="1.0" encoding="UTF-8"?>
<analysisEngineDescription xmlns="http://uima.apache.org/resourceSpecifier">
  <frameworkImplementation>org.apache.uima.java</frameworkImplementation>
  <primitive>true</primitive>  <annotatorImplementationName>org.uima.annotators.MeetingAnnotator</annotatorImplementationName>
  <analysisEngineMetaData>
    
    <name>MeetingAnnotator</name>
    <description>Detects meetings from co-occurrences of room numbers, dates, and times</description>
    <version>1.0</version>
    <vendor>The Apache Software Foundation</vendor>
    
    <configurationParameters>
			<configurationParameter>
				<name>WindowSize</name>
				<description>Maximum number of characters within which a room number, a
					date, and two times must occur for a meeting annotation to be
					created.</description>
				<type>Integer</type>
				<multiValued>false</multiValued>
				<mandatory>true</mandatory>
			</configurationParameter>
		</configurationParameters>
		
		<configurationParameterSettings>
			<nameValuePair>
				<name>WindowSize</name>
				<value>
					<integer>200</integer>
				</value>
			</nameValuePair>
		</configurationParameterSettings>
		
    <typeSystemDescription>
      <imports>
        <import location="TutorialTypeSystem.xml"/>
      </imports>
    </typeSystemDescription>
    <typePriorities/>
    <fsIndexCollection/>
    
    <capabilities>
			<capability>
				<inputs>
					<type allAnnotatorFeatures="true">org.uima.jCasType.RoomNumber</type>
					<type allAnnotatorFeatures="true">org.uima.jCasType.TimeAnnot</type>
					<type allAnnotatorFeatures="true">org.uima.jCasType.DateAnnot</type>
				</inputs>
				<outputs>
					<type allAnnotatorFeatures="true">org.uima.jCasType.Meeting</type>
				</outputs>
				<languagesSupported>
					<language>en</language>
				</languagesSupported>
			</capability>
		</capabilities>
  <operationalProperties>
      <modifiesCas>true</modifiesCas>
      <multipleDeploymentAllowed>true</multipleDeploymentAllowed>
      <outputsNewCASes>false</outputsNewCASes>
    </operationalProperties>
  </analysisEngineMetaData>
  <resourceManagerConfiguration/>
</analysisEngineDescription>
