<?xml version="1.0" encoding="UTF-8"?>
<analysisEngineDescription xmlns="http://uima.apache.org/resourceSpecifier">
  <frameworkImplementation>org.apache.uima.java</frameworkImplementation>
  <primitive>true</primitive>  
  <annotatorImplementationName>org.uima.annotators.TutorialDateTime</annotatorImplementationName>
  
  <analysisEngineMetaData>
    <name>TutorialDateTime</name>
    <description>Finds dates and times</description>
    <version>1.0</version>
    <vendor>The Apache Software Foundation</vendor>
    
    <configurationParameters/>
    <configurationParameterSettings/>
    
    <typeSystemDescription>
      <imports>
        <import location="TutorialTypeSystem.xml"/>
      </imports>
    </typeSystemDescription>
    <typePriorities/>
    <fsIndexCollection/>
    
    <capabilities>
		<capability>
			<inputs/>
			<outputs>
				<type allAnnotatorFeatures="true">org.uima.jCasType.DateTimeAnnot</type>
				<type allAnnotatorFeatures="true">org.uima.jCasType.TimeAnnot</type>
				<type allAnnotatorFeatures="true">org.uima.jCasType.DateAnnot</type>
			</outputs>
			<languagesSupported>
				<language>en</language>
			</languagesSupported>
		</capability>
	</capabilities>
  <operationalProperties>
      <modifiesCas>true</modifiesCas>
      <multipleDeploymentAllowed>true</multipleDeploymentAllowed>
      <outputsNewCASes>false</outputsNewCASes>
    </operationalProperties>
  </analysisEngineMetaData>
</analysisEngineDescription>
