<?xml version="1.0" encoding="UTF-8"?>
<typeSystemDescription xmlns="http://uima.apache.org/resourceSpecifier">
    <name>TutorialTypeSystem</name>
    <description>Type System Definition for the tutorial examples - as of Exercise 4</description>
    <version>1.0</version>
    <vendor>The Apache Software Foundation</vendor>
  	<types>
			<typeDescription>
				<name>org.uima.jCasType.RoomNumber</name>
				<description/>
				<supertypeName>uima.tcas.Annotation</supertypeName>
				<features>
					<featureDescription>
						<name>building</name>
						<description>Building containing this room</description>
						<rangeTypeName>uima.cas.String</rangeTypeName>
					</featureDescription>
				</features>
			</typeDescription>
			<typeDescription>
				<name>org.uima.jCasType.DateTimeAnnot</name>
				<description/>
				<supertypeName>uima.tcas.Annotation</supertypeName>
				<features>
					<featureDescription>
						<name>shortDateString</name>
						<description/>
						<rangeTypeName>uima.cas.String</rangeTypeName>
					</featureDescription>
				</features>
			</typeDescription>
			<typeDescription>
				<name>org.uima.jCasType.TimeAnnot</name>
				<description/>
				<supertypeName>org.uima.jCasType.DateTimeAnnot</supertypeName>
				</typeDescription>
			<typeDescription>
				<name>org.uima.jCasType.DateAnnot</name>
				<description/>
				<supertypeName>org.uima.jCasType.DateTimeAnnot</supertypeName>
				</typeDescription>
			<typeDescription>
				<name>org.uima.jCasType.Meeting</name>
				<description/>
				<supertypeName>uima.tcas.Annotation</supertypeName>
				<features>
					<featureDescription>
						<name>room</name>
						<description/>
						<rangeTypeName>org.uima.jCasType.RoomNumber</rangeTypeName>
					</featureDescription>
					<featureDescription>
						<name>date</name>
						<description/>
						<rangeTypeName>org.uima.jCasType.DateAnnot</rangeTypeName>
					</featureDescription>
					<featureDescription>
						<name>startTime</name>
						<description/>
						<rangeTypeName>org.uima.jCasType.TimeAnnot</rangeTypeName>
					</featureDescription>
					<featureDescription>
						<name>endTime</name>
						<description/>
						<rangeTypeName>org.uima.jCasType.TimeAnnot</rangeTypeName>
					</featureDescription>
				</features>
			</typeDescription>
	        <typeDescription>
				<name>org.uima.jCasType.Token</name>
				<description/>
				<supertypeName>uima.tcas.Annotation</supertypeName>
	        </typeDescription>
			<typeDescription>
				<name>org.uima.jCasType.Sentence</name>
				<description/>
				<supertypeName>uima.tcas.Annotation</supertypeName>
			</typeDescription>
		</types>
</typeSystemDescription>
