<?xml version="1.0" encoding="UTF-8"?>
<COMPONENT_INSTALLATION_DESCRIPTOR>
	<OS>
		<NAME>Windows</NAME>
	</OS>
	<TOOLKITS>
		<JDK_VERSION>1.4.0</JDK_VERSION>
	</TOOLKITS>
	<UIMA_FRAMEWORK>
	</UIMA_FRAMEWORK>
	<SUBMITTED_COMPONENT>
		<ID>DateTimeAnnotator</ID>
		<NAME></NAME>
		<DESC>C:/apache-uima/PearInstallDirectory/DateTimeAnnotator/desc/DateTimeAnnotatorDescriptor.xml</DESC>
		<DEPLOYMENT>standard</DEPLOYMENT>
		<SERVICE_COMMAND></SERVICE_COMMAND>
		<SERVICE_WORKING_DIR></SERVICE_WORKING_DIR>
		<SERVICE_COMMAND_ARGS>
		</SERVICE_COMMAND_ARGS>
	</SUBMITTED_COMPONENT>
	<INSTALLATION>
		<PROCESS>
			<ACTION>set_env_variable</ACTION>
			<PARAMETERS>
				<VAR_VALUE>C:/apache-uima/PearInstallDirectory/DateTimeAnnotator/bin;</VAR_VALUE>
				<COMMENTS></COMMENTS>
				<VAR_NAME>CLASSPATH</VAR_NAME>
			</PARAMETERS>
		</PROCESS>
	</INSTALLATION>
</COMPONENT_INSTALLATION_DESCRIPTOR>
