<?xml version="1.0" encoding="UTF-8"?>
<analysisEngineDescription xmlns="http://uima.apache.org/resourceSpecifier">
  <frameworkImplementation>org.apache.uima.java</frameworkImplementation>
  <primitive>true</primitive>  <annotatorImplementationName>org.uima.annotators.DateTimeAnnotator</annotatorImplementationName>
  <analysisEngineMetaData>
    <name>DateTimeAnnotatorDescriptor</name>
    <description/>
    <version>1.0</version>
    <vendor/>
    <configurationParameters/>
    <configurationParameterSettings/>
    <typeSystemDescription>
      <imports>
        <import location="TypeSystem.xml"/>
      </imports>
      <types>
        <typeDescription>
          <name>org.uima.jCasType.DateAnnot</name>
          <description/>
          <supertypeName>org.uima.jCasType.DateTimeAnnot</supertypeName>
        </typeDescription>
        <typeDescription>
          <name>org.uima.jCasType.DateTimeAnnot</name>
          <description/>
          <supertypeName>uima.tcas.Annotation</supertypeName>
          <features>
            <featureDescription>
              <name>shortDateString</name>
              <description/>
              <rangeTypeName>uima.cas.String</rangeTypeName>
            </featureDescription>
          </features>
        </typeDescription>
        <typeDescription>
          <name>org.uima.jCasType.TimeAnnot</name>
          <description/>
          <supertypeName>org.uima.jCasType.DateTimeAnnot</supertypeName>
        </typeDescription>
      </types>
    </typeSystemDescription>
    <typePriorities/>
    <fsIndexCollection/>
    <capabilities>
		<capability>
			<inputs/>
			<outputs>
				<type allAnnotatorFeatures="true">org.uima.jCasType.DateTimeAnnot</type>
				<type allAnnotatorFeatures="true">org.uima.jCasType.TimeAnnot</type>
				<type allAnnotatorFeatures="true">org.uima.jCasType.DateAnnot</type>
			</outputs>
			<languagesSupported>
				<language>en</language>
			</languagesSupported>
		</capability>
	</capabilities>
  <operationalProperties>
      <modifiesCas>true</modifiesCas>
      <multipleDeploymentAllowed>true</multipleDeploymentAllowed>
      <outputsNewCASes>false</outputsNewCASes>
    </operationalProperties>
  </analysisEngineMetaData>
  <resourceManagerConfiguration/>
</analysisEngineDescription>
